index,temp out,temp in
       0.0,     -23.0,       5.0
       1.0,     -23.0,       6.0
       2.0,     -23.0,       7.0
       3.0,     -23.0,       8.0
       4.0,     -23.0,       9.0
       5.0,     -23.0,      10.0
       6.0,     -23.0,      11.0
       7.0,     -23.0,      12.0
       8.0,     -23.0,      13.0
       9.0,     -23.0,      14.0
      10.0,     -23.0,      15.0
      11.0,     -23.0,      16.0
      12.0,     -23.0,      17.0
      13.0,     -23.0,      18.0
      14.0,     -23.0,      19.0
      15.0,     -23.0,      20.0
      16.0,     -23.0,      21.0
      17.0,     -23.0,      22.0
      18.0,     -23.0,      23.0
      19.0,     -23.0,      24.0
      20.0,     -23.0,      25.0
      21.0,     -23.0,      26.0
      22.0,     -23.0,      27.0
      23.0,     -23.0,      28.0
      24.0,     -23.0,      29.0
      25.0,     -23.0,      30.0
      26.0,     -23.0,      31.0
      27.0,     -23.0,      32.0
      28.0,     -23.0,      33.0
      29.0,     -23.0,      34.0
      30.0,     -23.0,      35.0
      31.0,     -23.0,      36.0
      32.0,     -23.0,      37.0
      33.0,     -23.0,      38.0
      34.0,     -23.0,      39.0
      35.0,     -23.0,      40.0
      36.0,     -23.0,      41.0
      37.0,     -23.0,      42.0
      38.0,     -23.0,      43.0
      39.0,     -23.0,      44.0
      40.0,     -23.0,      45.0
      41.0,     -23.0,      46.0
      42.0,     -23.0,      47.0
      43.0,     -23.0,      48.0
      44.0,     -23.0,      49.0
      45.0,     -23.0,      50.0
      46.0,     -23.0,      51.0
      47.0,     -23.0,      52.0
      48.0,     -23.0,      53.0
      49.0,     -23.0,      54.0
      50.0,     -23.0,      55.0
      51.0,     -23.0,      56.0
      52.0,     -23.0,      57.0
      53.0,     -22.0,       5.0
      54.0,     -22.0,       6.0
      55.0,     -22.0,       7.0
      56.0,     -22.0,       8.0
      57.0,     -22.0,       9.0
      58.0,     -22.0,      10.0
      59.0,     -22.0,      11.0
      60.0,     -22.0,      12.0
      61.0,     -22.0,      13.0
      62.0,     -22.0,      14.0
      63.0,     -22.0,      15.0
      64.0,     -22.0,      16.0
      65.0,     -22.0,      17.0
      66.0,     -22.0,      18.0
      67.0,     -22.0,      19.0
      68.0,     -22.0,      20.0
      69.0,     -22.0,      21.0
      70.0,     -22.0,      22.0
      71.0,     -22.0,      23.0
      72.0,     -22.0,      24.0
      73.0,     -22.0,      25.0
      74.0,     -22.0,      26.0
      75.0,     -22.0,      27.0
      76.0,     -22.0,      28.0
      77.0,     -22.0,      29.0
      78.0,     -22.0,      30.0
      79.0,     -22.0,      31.0
      80.0,     -22.0,      32.0
      81.0,     -22.0,      33.0
      82.0,     -22.0,      34.0
      83.0,     -22.0,      35.0
      84.0,     -22.0,      36.0
      85.0,     -22.0,      37.0
      86.0,     -22.0,      38.0
      87.0,     -22.0,      39.0
      88.0,     -22.0,      40.0
      89.0,     -22.0,      41.0
      90.0,     -22.0,      42.0
      91.0,     -22.0,      43.0
      92.0,     -22.0,      44.0
      93.0,     -22.0,      45.0
      94.0,     -22.0,      46.0
      95.0,     -22.0,      47.0
      96.0,     -22.0,      48.0
      97.0,     -22.0,      49.0
      98.0,     -22.0,      50.0
      99.0,     -22.0,      51.0
     100.0,     -22.0,      52.0
     101.0,     -22.0,      53.0
     102.0,     -22.0,      54.0
     103.0,     -22.0,      55.0
     104.0,     -22.0,      56.0
     105.0,     -22.0,      57.0
     106.0,     -21.0,       5.0
     107.0,     -21.0,       6.0
     108.0,     -21.0,       7.0
     109.0,     -21.0,       8.0
     110.0,     -21.0,       9.0
     111.0,     -21.0,      10.0
     112.0,     -21.0,      11.0
     113.0,     -21.0,      12.0
     114.0,     -21.0,      13.0
     115.0,     -21.0,      14.0
     116.0,     -21.0,      15.0
     117.0,     -21.0,      16.0
     118.0,     -21.0,      17.0
     119.0,     -21.0,      18.0
     120.0,     -21.0,      19.0
     121.0,     -21.0,      20.0
     122.0,     -21.0,      21.0
     123.0,     -21.0,      22.0
     124.0,     -21.0,      23.0
     125.0,     -21.0,      24.0
     126.0,     -21.0,      25.0
     127.0,     -21.0,      26.0
     128.0,     -21.0,      27.0
     129.0,     -21.0,      28.0
     130.0,     -21.0,      29.0
     131.0,     -21.0,      30.0
     132.0,     -21.0,      31.0
     133.0,     -21.0,      32.0
     134.0,     -21.0,      33.0
     135.0,     -21.0,      34.0
     136.0,     -21.0,      35.0
     137.0,     -21.0,      36.0
     138.0,     -21.0,      37.0
     139.0,     -21.0,      38.0
     140.0,     -21.0,      39.0
     141.0,     -21.0,      40.0
     142.0,     -21.0,      41.0
     143.0,     -21.0,      42.0
     144.0,     -21.0,      43.0
     145.0,     -21.0,      44.0
     146.0,     -21.0,      45.0
     147.0,     -21.0,      46.0
     148.0,     -21.0,      47.0
     149.0,     -21.0,      48.0
     150.0,     -21.0,      49.0
     151.0,     -21.0,      50.0
     152.0,     -21.0,      51.0
     153.0,     -21.0,      52.0
     154.0,     -21.0,      53.0
     155.0,     -21.0,      54.0
     156.0,     -21.0,      55.0
     157.0,     -21.0,      56.0
     158.0,     -21.0,      57.0
     159.0,     -20.0,       5.0
     160.0,     -20.0,       6.0
     161.0,     -20.0,       7.0
     162.0,     -20.0,       8.0
     163.0,     -20.0,       9.0
     164.0,     -20.0,      10.0
     165.0,     -20.0,      11.0
     166.0,     -20.0,      12.0
     167.0,     -20.0,      13.0
     168.0,     -20.0,      14.0
     169.0,     -20.0,      15.0
     170.0,     -20.0,      16.0
     171.0,     -20.0,      17.0
     172.0,     -20.0,      18.0
     173.0,     -20.0,      19.0
     174.0,     -20.0,      20.0
     175.0,     -20.0,      21.0
     176.0,     -20.0,      22.0
     177.0,     -20.0,      23.0
     178.0,     -20.0,      24.0
     179.0,     -20.0,      25.0
     180.0,     -20.0,      26.0
     181.0,     -20.0,      27.0
     182.0,     -20.0,      28.0
     183.0,     -20.0,      29.0
     184.0,     -20.0,      30.0
     185.0,     -20.0,      31.0
     186.0,     -20.0,      32.0
     187.0,     -20.0,      33.0
     188.0,     -20.0,      34.0
     189.0,     -20.0,      35.0
     190.0,     -20.0,      36.0
     191.0,     -20.0,      37.0
     192.0,     -20.0,      38.0
     193.0,     -20.0,      39.0
     194.0,     -20.0,      40.0
     195.0,     -20.0,      41.0
     196.0,     -20.0,      42.0
     197.0,     -20.0,      43.0
     198.0,     -20.0,      44.0
     199.0,     -20.0,      45.0
     200.0,     -20.0,      46.0
     201.0,     -20.0,      47.0
     202.0,     -20.0,      48.0
     203.0,     -20.0,      49.0
     204.0,     -20.0,      50.0
     205.0,     -20.0,      51.0
     206.0,     -20.0,      52.0
     207.0,     -20.0,      53.0
     208.0,     -20.0,      54.0
     209.0,     -20.0,      55.0
     210.0,     -20.0,      56.0
     211.0,     -20.0,      57.0
     212.0,     -19.0,       5.0
     213.0,     -19.0,       6.0
     214.0,     -19.0,       7.0
     215.0,     -19.0,       8.0
     216.0,     -19.0,       9.0
     217.0,     -19.0,      10.0
     218.0,     -19.0,      11.0
     219.0,     -19.0,      12.0
     220.0,     -19.0,      13.0
     221.0,     -19.0,      14.0
     222.0,     -19.0,      15.0
     223.0,     -19.0,      16.0
     224.0,     -19.0,      17.0
     225.0,     -19.0,      18.0
     226.0,     -19.0,      19.0
     227.0,     -19.0,      20.0
     228.0,     -19.0,      21.0
     229.0,     -19.0,      22.0
     230.0,     -19.0,      23.0
     231.0,     -19.0,      24.0
     232.0,     -19.0,      25.0
     233.0,     -19.0,      26.0
     234.0,     -19.0,      27.0
     235.0,     -19.0,      28.0
     236.0,     -19.0,      29.0
     237.0,     -19.0,      30.0
     238.0,     -19.0,      31.0
     239.0,     -19.0,      32.0
     240.0,     -19.0,      33.0
     241.0,     -19.0,      34.0
     242.0,     -19.0,      35.0
     243.0,     -19.0,      36.0
     244.0,     -19.0,      37.0
     245.0,     -19.0,      38.0
     246.0,     -19.0,      39.0
     247.0,     -19.0,      40.0
     248.0,     -19.0,      41.0
     249.0,     -19.0,      42.0
     250.0,     -19.0,      43.0
     251.0,     -19.0,      44.0
     252.0,     -19.0,      45.0
     253.0,     -19.0,      46.0
     254.0,     -19.0,      47.0
     255.0,     -19.0,      48.0
     256.0,     -19.0,      49.0
     257.0,     -19.0,      50.0
     258.0,     -19.0,      51.0
     259.0,     -19.0,      52.0
     260.0,     -19.0,      53.0
     261.0,     -19.0,      54.0
     262.0,     -19.0,      55.0
     263.0,     -19.0,      56.0
     264.0,     -19.0,      57.0
     265.0,     -18.0,       5.0
     266.0,     -18.0,       6.0
     267.0,     -18.0,       7.0
     268.0,     -18.0,       8.0
     269.0,     -18.0,       9.0
     270.0,     -18.0,      10.0
     271.0,     -18.0,      11.0
     272.0,     -18.0,      12.0
     273.0,     -18.0,      13.0
     274.0,     -18.0,      14.0
     275.0,     -18.0,      15.0
     276.0,     -18.0,      16.0
     277.0,     -18.0,      17.0
     278.0,     -18.0,      18.0
     279.0,     -18.0,      19.0
     280.0,     -18.0,      20.0
     281.0,     -18.0,      21.0
     282.0,     -18.0,      22.0
     283.0,     -18.0,      23.0
     284.0,     -18.0,      24.0
     285.0,     -18.0,      25.0
     286.0,     -18.0,      26.0
     287.0,     -18.0,      27.0
     288.0,     -18.0,      28.0
     289.0,     -18.0,      29.0
     290.0,     -18.0,      30.0
     291.0,     -18.0,      31.0
     292.0,     -18.0,      32.0
     293.0,     -18.0,      33.0
     294.0,     -18.0,      34.0
     295.0,     -18.0,      35.0
     296.0,     -18.0,      36.0
     297.0,     -18.0,      37.0
     298.0,     -18.0,      38.0
     299.0,     -18.0,      39.0
     300.0,     -18.0,      40.0
     301.0,     -18.0,      41.0
     302.0,     -18.0,      42.0
     303.0,     -18.0,      43.0
     304.0,     -18.0,      44.0
     305.0,     -18.0,      45.0
     306.0,     -18.0,      46.0
     307.0,     -18.0,      47.0
     308.0,     -18.0,      48.0
     309.0,     -18.0,      49.0
     310.0,     -18.0,      50.0
     311.0,     -18.0,      51.0
     312.0,     -18.0,      52.0
     313.0,     -18.0,      53.0
     314.0,     -18.0,      54.0
     315.0,     -18.0,      55.0
     316.0,     -18.0,      56.0
     317.0,     -18.0,      57.0
     318.0,     -17.0,       5.0
     319.0,     -17.0,       6.0
     320.0,     -17.0,       7.0
     321.0,     -17.0,       8.0
     322.0,     -17.0,       9.0
     323.0,     -17.0,      10.0
     324.0,     -17.0,      11.0
     325.0,     -17.0,      12.0
     326.0,     -17.0,      13.0
     327.0,     -17.0,      14.0
     328.0,     -17.0,      15.0
     329.0,     -17.0,      16.0
     330.0,     -17.0,      17.0
     331.0,     -17.0,      18.0
     332.0,     -17.0,      19.0
     333.0,     -17.0,      20.0
     334.0,     -17.0,      21.0
     335.0,     -17.0,      22.0
     336.0,     -17.0,      23.0
     337.0,     -17.0,      24.0
     338.0,     -17.0,      25.0
     339.0,     -17.0,      26.0
     340.0,     -17.0,      27.0
     341.0,     -17.0,      28.0
     342.0,     -17.0,      29.0
     343.0,     -17.0,      30.0
     344.0,     -17.0,      31.0
     345.0,     -17.0,      32.0
     346.0,     -17.0,      33.0
     347.0,     -17.0,      34.0
     348.0,     -17.0,      35.0
     349.0,     -17.0,      36.0
     350.0,     -17.0,      37.0
     351.0,     -17.0,      38.0
     352.0,     -17.0,      39.0
     353.0,     -17.0,      40.0
     354.0,     -17.0,      41.0
     355.0,     -17.0,      42.0
     356.0,     -17.0,      43.0
     357.0,     -17.0,      44.0
     358.0,     -17.0,      45.0
     359.0,     -17.0,      46.0
     360.0,     -17.0,      47.0
     361.0,     -17.0,      48.0
     362.0,     -17.0,      49.0
     363.0,     -17.0,      50.0
     364.0,     -17.0,      51.0
     365.0,     -17.0,      52.0
     366.0,     -17.0,      53.0
     367.0,     -17.0,      54.0
     368.0,     -17.0,      55.0
     369.0,     -17.0,      56.0
     370.0,     -17.0,      57.0
     371.0,     -16.0,       5.0
     372.0,     -16.0,       6.0
     373.0,     -16.0,       7.0
     374.0,     -16.0,       8.0
     375.0,     -16.0,       9.0
     376.0,     -16.0,      10.0
     377.0,     -16.0,      11.0
     378.0,     -16.0,      12.0
     379.0,     -16.0,      13.0
     380.0,     -16.0,      14.0
     381.0,     -16.0,      15.0
     382.0,     -16.0,      16.0
     383.0,     -16.0,      17.0
     384.0,     -16.0,      18.0
     385.0,     -16.0,      19.0
     386.0,     -16.0,      20.0
     387.0,     -16.0,      21.0
     388.0,     -16.0,      22.0
     389.0,     -16.0,      23.0
     390.0,     -16.0,      24.0
     391.0,     -16.0,      25.0
     392.0,     -16.0,      26.0
     393.0,     -16.0,      27.0
     394.0,     -16.0,      28.0
     395.0,     -16.0,      29.0
     396.0,     -16.0,      30.0
     397.0,     -16.0,      31.0
     398.0,     -16.0,      32.0
     399.0,     -16.0,      33.0
     400.0,     -16.0,      34.0
     401.0,     -16.0,      35.0
     402.0,     -16.0,      36.0
     403.0,     -16.0,      37.0
     404.0,     -16.0,      38.0
     405.0,     -16.0,      39.0
     406.0,     -16.0,      40.0
     407.0,     -16.0,      41.0
     408.0,     -16.0,      42.0
     409.0,     -16.0,      43.0
     410.0,     -16.0,      44.0
     411.0,     -16.0,      45.0
     412.0,     -16.0,      46.0
     413.0,     -16.0,      47.0
     414.0,     -16.0,      48.0
     415.0,     -16.0,      49.0
     416.0,     -16.0,      50.0
     417.0,     -16.0,      51.0
     418.0,     -16.0,      52.0
     419.0,     -16.0,      53.0
     420.0,     -16.0,      54.0
     421.0,     -16.0,      55.0
     422.0,     -16.0,      56.0
     423.0,     -16.0,      57.0
     424.0,     -15.0,       5.0
     425.0,     -15.0,       6.0
     426.0,     -15.0,       7.0
     427.0,     -15.0,       8.0
     428.0,     -15.0,       9.0
     429.0,     -15.0,      10.0
     430.0,     -15.0,      11.0
     431.0,     -15.0,      12.0
     432.0,     -15.0,      13.0
     433.0,     -15.0,      14.0
     434.0,     -15.0,      15.0
     435.0,     -15.0,      16.0
     436.0,     -15.0,      17.0
     437.0,     -15.0,      18.0
     438.0,     -15.0,      19.0
     439.0,     -15.0,      20.0
     440.0,     -15.0,      21.0
     441.0,     -15.0,      22.0
     442.0,     -15.0,      23.0
     443.0,     -15.0,      24.0
     444.0,     -15.0,      25.0
     445.0,     -15.0,      26.0
     446.0,     -15.0,      27.0
     447.0,     -15.0,      28.0
     448.0,     -15.0,      29.0
     449.0,     -15.0,      30.0
     450.0,     -15.0,      31.0
     451.0,     -15.0,      32.0
     452.0,     -15.0,      33.0
     453.0,     -15.0,      34.0
     454.0,     -15.0,      35.0
     455.0,     -15.0,      36.0
     456.0,     -15.0,      37.0
     457.0,     -15.0,      38.0
     458.0,     -15.0,      39.0
     459.0,     -15.0,      40.0
     460.0,     -15.0,      41.0
     461.0,     -15.0,      42.0
     462.0,     -15.0,      43.0
     463.0,     -15.0,      44.0
     464.0,     -15.0,      45.0
     465.0,     -15.0,      46.0
     466.0,     -15.0,      47.0
     467.0,     -15.0,      48.0
     468.0,     -15.0,      49.0
     469.0,     -15.0,      50.0
     470.0,     -15.0,      51.0
     471.0,     -15.0,      52.0
     472.0,     -15.0,      53.0
     473.0,     -15.0,      54.0
     474.0,     -15.0,      55.0
     475.0,     -15.0,      56.0
     476.0,     -15.0,      57.0
     477.0,     -14.0,       5.0
     478.0,     -14.0,       6.0
     479.0,     -14.0,       7.0
     480.0,     -14.0,       8.0
     481.0,     -14.0,       9.0
     482.0,     -14.0,      10.0
     483.0,     -14.0,      11.0
     484.0,     -14.0,      12.0
     485.0,     -14.0,      13.0
     486.0,     -14.0,      14.0
     487.0,     -14.0,      15.0
     488.0,     -14.0,      16.0
     489.0,     -14.0,      17.0
     490.0,     -14.0,      18.0
     491.0,     -14.0,      19.0
     492.0,     -14.0,      20.0
     493.0,     -14.0,      21.0
     494.0,     -14.0,      22.0
     495.0,     -14.0,      23.0
     496.0,     -14.0,      24.0
     497.0,     -14.0,      25.0
     498.0,     -14.0,      26.0
     499.0,     -14.0,      27.0
     500.0,     -14.0,      28.0
     501.0,     -14.0,      29.0
     502.0,     -14.0,      30.0
     503.0,     -14.0,      31.0
     504.0,     -14.0,      32.0
     505.0,     -14.0,      33.0
     506.0,     -14.0,      34.0
     507.0,     -14.0,      35.0
     508.0,     -14.0,      36.0
     509.0,     -14.0,      37.0
     510.0,     -14.0,      38.0
     511.0,     -14.0,      39.0
     512.0,     -14.0,      40.0
     513.0,     -14.0,      41.0
     514.0,     -14.0,      42.0
     515.0,     -14.0,      43.0
     516.0,     -14.0,      44.0
     517.0,     -14.0,      45.0
     518.0,     -14.0,      46.0
     519.0,     -14.0,      47.0
     520.0,     -14.0,      48.0
     521.0,     -14.0,      49.0
     522.0,     -14.0,      50.0
     523.0,     -14.0,      51.0
     524.0,     -14.0,      52.0
     525.0,     -14.0,      53.0
     526.0,     -14.0,      54.0
     527.0,     -14.0,      55.0
     528.0,     -14.0,      56.0
     529.0,     -14.0,      57.0
     530.0,     -13.0,       5.0
     531.0,     -13.0,       6.0
     532.0,     -13.0,       7.0
     533.0,     -13.0,       8.0
     534.0,     -13.0,       9.0
     535.0,     -13.0,      10.0
     536.0,     -13.0,      11.0
     537.0,     -13.0,      12.0
     538.0,     -13.0,      13.0
     539.0,     -13.0,      14.0
     540.0,     -13.0,      15.0
     541.0,     -13.0,      16.0
     542.0,     -13.0,      17.0
     543.0,     -13.0,      18.0
     544.0,     -13.0,      19.0
     545.0,     -13.0,      20.0
     546.0,     -13.0,      21.0
     547.0,     -13.0,      22.0
     548.0,     -13.0,      23.0
     549.0,     -13.0,      24.0
     550.0,     -13.0,      25.0
     551.0,     -13.0,      26.0
     552.0,     -13.0,      27.0
     553.0,     -13.0,      28.0
     554.0,     -13.0,      29.0
     555.0,     -13.0,      30.0
     556.0,     -13.0,      31.0
     557.0,     -13.0,      32.0
     558.0,     -13.0,      33.0
     559.0,     -13.0,      34.0
     560.0,     -13.0,      35.0
     561.0,     -13.0,      36.0
     562.0,     -13.0,      37.0
     563.0,     -13.0,      38.0
     564.0,     -13.0,      39.0
     565.0,     -13.0,      40.0
     566.0,     -13.0,      41.0
     567.0,     -13.0,      42.0
     568.0,     -13.0,      43.0
     569.0,     -13.0,      44.0
     570.0,     -13.0,      45.0
     571.0,     -13.0,      46.0
     572.0,     -13.0,      47.0
     573.0,     -13.0,      48.0
     574.0,     -13.0,      49.0
     575.0,     -13.0,      50.0
     576.0,     -13.0,      51.0
     577.0,     -13.0,      52.0
     578.0,     -13.0,      53.0
     579.0,     -13.0,      54.0
     580.0,     -13.0,      55.0
     581.0,     -13.0,      56.0
     582.0,     -13.0,      57.0
     583.0,     -12.0,       5.0
     584.0,     -12.0,       6.0
     585.0,     -12.0,       7.0
     586.0,     -12.0,       8.0
     587.0,     -12.0,       9.0
     588.0,     -12.0,      10.0
     589.0,     -12.0,      11.0
     590.0,     -12.0,      12.0
     591.0,     -12.0,      13.0
     592.0,     -12.0,      14.0
     593.0,     -12.0,      15.0
     594.0,     -12.0,      16.0
     595.0,     -12.0,      17.0
     596.0,     -12.0,      18.0
     597.0,     -12.0,      19.0
     598.0,     -12.0,      20.0
     599.0,     -12.0,      21.0
     600.0,     -12.0,      22.0
     601.0,     -12.0,      23.0
     602.0,     -12.0,      24.0
     603.0,     -12.0,      25.0
     604.0,     -12.0,      26.0
     605.0,     -12.0,      27.0
     606.0,     -12.0,      28.0
     607.0,     -12.0,      29.0
     608.0,     -12.0,      30.0
     609.0,     -12.0,      31.0
     610.0,     -12.0,      32.0
     611.0,     -12.0,      33.0
     612.0,     -12.0,      34.0
     613.0,     -12.0,      35.0
     614.0,     -12.0,      36.0
     615.0,     -12.0,      37.0
     616.0,     -12.0,      38.0
     617.0,     -12.0,      39.0
     618.0,     -12.0,      40.0
     619.0,     -12.0,      41.0
     620.0,     -12.0,      42.0
     621.0,     -12.0,      43.0
     622.0,     -12.0,      44.0
     623.0,     -12.0,      45.0
     624.0,     -12.0,      46.0
     625.0,     -12.0,      47.0
     626.0,     -12.0,      48.0
     627.0,     -12.0,      49.0
     628.0,     -12.0,      50.0
     629.0,     -12.0,      51.0
     630.0,     -12.0,      52.0
     631.0,     -12.0,      53.0
     632.0,     -12.0,      54.0
     633.0,     -12.0,      55.0
     634.0,     -12.0,      56.0
     635.0,     -12.0,      57.0
     636.0,     -11.0,       5.0
     637.0,     -11.0,       6.0
     638.0,     -11.0,       7.0
     639.0,     -11.0,       8.0
     640.0,     -11.0,       9.0
     641.0,     -11.0,      10.0
     642.0,     -11.0,      11.0
     643.0,     -11.0,      12.0
     644.0,     -11.0,      13.0
     645.0,     -11.0,      14.0
     646.0,     -11.0,      15.0
     647.0,     -11.0,      16.0
     648.0,     -11.0,      17.0
     649.0,     -11.0,      18.0
     650.0,     -11.0,      19.0
     651.0,     -11.0,      20.0
     652.0,     -11.0,      21.0
     653.0,     -11.0,      22.0
     654.0,     -11.0,      23.0
     655.0,     -11.0,      24.0
     656.0,     -11.0,      25.0
     657.0,     -11.0,      26.0
     658.0,     -11.0,      27.0
     659.0,     -11.0,      28.0
     660.0,     -11.0,      29.0
     661.0,     -11.0,      30.0
     662.0,     -11.0,      31.0
     663.0,     -11.0,      32.0
     664.0,     -11.0,      33.0
     665.0,     -11.0,      34.0
     666.0,     -11.0,      35.0
     667.0,     -11.0,      36.0
     668.0,     -11.0,      37.0
     669.0,     -11.0,      38.0
     670.0,     -11.0,      39.0
     671.0,     -11.0,      40.0
     672.0,     -11.0,      41.0
     673.0,     -11.0,      42.0
     674.0,     -11.0,      43.0
     675.0,     -11.0,      44.0
     676.0,     -11.0,      45.0
     677.0,     -11.0,      46.0
     678.0,     -11.0,      47.0
     679.0,     -11.0,      48.0
     680.0,     -11.0,      49.0
     681.0,     -11.0,      50.0
     682.0,     -11.0,      51.0
     683.0,     -11.0,      52.0
     684.0,     -11.0,      53.0
     685.0,     -11.0,      54.0
     686.0,     -11.0,      55.0
     687.0,     -11.0,      56.0
     688.0,     -11.0,      57.0
     689.0,     -10.0,       5.0
     690.0,     -10.0,       6.0
     691.0,     -10.0,       7.0
     692.0,     -10.0,       8.0
     693.0,     -10.0,       9.0
     694.0,     -10.0,      10.0
     695.0,     -10.0,      11.0
     696.0,     -10.0,      12.0
     697.0,     -10.0,      13.0
     698.0,     -10.0,      14.0
     699.0,     -10.0,      15.0
     700.0,     -10.0,      16.0
     701.0,     -10.0,      17.0
     702.0,     -10.0,      18.0
     703.0,     -10.0,      19.0
     704.0,     -10.0,      20.0
     705.0,     -10.0,      21.0
     706.0,     -10.0,      22.0
     707.0,     -10.0,      23.0
     708.0,     -10.0,      24.0
     709.0,     -10.0,      25.0
     710.0,     -10.0,      26.0
     711.0,     -10.0,      27.0
     712.0,     -10.0,      28.0
     713.0,     -10.0,      29.0
     714.0,     -10.0,      30.0
     715.0,     -10.0,      31.0
     716.0,     -10.0,      32.0
     717.0,     -10.0,      33.0
     718.0,     -10.0,      34.0
     719.0,     -10.0,      35.0
     720.0,     -10.0,      36.0
     721.0,     -10.0,      37.0
     722.0,     -10.0,      38.0
     723.0,     -10.0,      39.0
     724.0,     -10.0,      40.0
     725.0,     -10.0,      41.0
     726.0,     -10.0,      42.0
     727.0,     -10.0,      43.0
     728.0,     -10.0,      44.0
     729.0,     -10.0,      45.0
     730.0,     -10.0,      46.0
     731.0,     -10.0,      47.0
     732.0,     -10.0,      48.0
     733.0,     -10.0,      49.0
     734.0,     -10.0,      50.0
     735.0,     -10.0,      51.0
     736.0,     -10.0,      52.0
     737.0,     -10.0,      53.0
     738.0,     -10.0,      54.0
     739.0,     -10.0,      55.0
     740.0,     -10.0,      56.0
     741.0,     -10.0,      57.0
     742.0,      -9.0,       5.0
     743.0,      -9.0,       6.0
     744.0,      -9.0,       7.0
     745.0,      -9.0,       8.0
     746.0,      -9.0,       9.0
     747.0,      -9.0,      10.0
     748.0,      -9.0,      11.0
     749.0,      -9.0,      12.0
     750.0,      -9.0,      13.0
     751.0,      -9.0,      14.0
     752.0,      -9.0,      15.0
     753.0,      -9.0,      16.0
     754.0,      -9.0,      17.0
     755.0,      -9.0,      18.0
     756.0,      -9.0,      19.0
     757.0,      -9.0,      20.0
     758.0,      -9.0,      21.0
     759.0,      -9.0,      22.0
     760.0,      -9.0,      23.0
     761.0,      -9.0,      24.0
     762.0,      -9.0,      25.0
     763.0,      -9.0,      26.0
     764.0,      -9.0,      27.0
     765.0,      -9.0,      28.0
     766.0,      -9.0,      29.0
     767.0,      -9.0,      30.0
     768.0,      -9.0,      31.0
     769.0,      -9.0,      32.0
     770.0,      -9.0,      33.0
     771.0,      -9.0,      34.0
     772.0,      -9.0,      35.0
     773.0,      -9.0,      36.0
     774.0,      -9.0,      37.0
     775.0,      -9.0,      38.0
     776.0,      -9.0,      39.0
     777.0,      -9.0,      40.0
     778.0,      -9.0,      41.0
     779.0,      -9.0,      42.0
     780.0,      -9.0,      43.0
     781.0,      -9.0,      44.0
     782.0,      -9.0,      45.0
     783.0,      -9.0,      46.0
     784.0,      -9.0,      47.0
     785.0,      -9.0,      48.0
     786.0,      -9.0,      49.0
     787.0,      -9.0,      50.0
     788.0,      -9.0,      51.0
     789.0,      -9.0,      52.0
     790.0,      -9.0,      53.0
     791.0,      -9.0,      54.0
     792.0,      -9.0,      55.0
     793.0,      -9.0,      56.0
     794.0,      -9.0,      57.0
     795.0,      -8.0,       5.0
     796.0,      -8.0,       6.0
     797.0,      -8.0,       7.0
     798.0,      -8.0,       8.0
     799.0,      -8.0,       9.0
     800.0,      -8.0,      10.0
     801.0,      -8.0,      11.0
     802.0,      -8.0,      12.0
     803.0,      -8.0,      13.0
     804.0,      -8.0,      14.0
     805.0,      -8.0,      15.0
     806.0,      -8.0,      16.0
     807.0,      -8.0,      17.0
     808.0,      -8.0,      18.0
     809.0,      -8.0,      19.0
     810.0,      -8.0,      20.0
     811.0,      -8.0,      21.0
     812.0,      -8.0,      22.0
     813.0,      -8.0,      23.0
     814.0,      -8.0,      24.0
     815.0,      -8.0,      25.0
     816.0,      -8.0,      26.0
     817.0,      -8.0,      27.0
     818.0,      -8.0,      28.0
     819.0,      -8.0,      29.0
     820.0,      -8.0,      30.0
     821.0,      -8.0,      31.0
     822.0,      -8.0,      32.0
     823.0,      -8.0,      33.0
     824.0,      -8.0,      34.0
     825.0,      -8.0,      35.0
     826.0,      -8.0,      36.0
     827.0,      -8.0,      37.0
     828.0,      -8.0,      38.0
     829.0,      -8.0,      39.0
     830.0,      -8.0,      40.0
     831.0,      -8.0,      41.0
     832.0,      -8.0,      42.0
     833.0,      -8.0,      43.0
     834.0,      -8.0,      44.0
     835.0,      -8.0,      45.0
     836.0,      -8.0,      46.0
     837.0,      -8.0,      47.0
     838.0,      -8.0,      48.0
     839.0,      -8.0,      49.0
     840.0,      -8.0,      50.0
     841.0,      -8.0,      51.0
     842.0,      -8.0,      52.0
     843.0,      -8.0,      53.0
     844.0,      -8.0,      54.0
     845.0,      -8.0,      55.0
     846.0,      -8.0,      56.0
     847.0,      -8.0,      57.0
     848.0,      -7.0,       5.0
     849.0,      -7.0,       6.0
     850.0,      -7.0,       7.0
     851.0,      -7.0,       8.0
     852.0,      -7.0,       9.0
     853.0,      -7.0,      10.0
     854.0,      -7.0,      11.0
     855.0,      -7.0,      12.0
     856.0,      -7.0,      13.0
     857.0,      -7.0,      14.0
     858.0,      -7.0,      15.0
     859.0,      -7.0,      16.0
     860.0,      -7.0,      17.0
     861.0,      -7.0,      18.0
     862.0,      -7.0,      19.0
     863.0,      -7.0,      20.0
     864.0,      -7.0,      21.0
     865.0,      -7.0,      22.0
     866.0,      -7.0,      23.0
     867.0,      -7.0,      24.0
     868.0,      -7.0,      25.0
     869.0,      -7.0,      26.0
     870.0,      -7.0,      27.0
     871.0,      -7.0,      28.0
     872.0,      -7.0,      29.0
     873.0,      -7.0,      30.0
     874.0,      -7.0,      31.0
     875.0,      -7.0,      32.0
     876.0,      -7.0,      33.0
     877.0,      -7.0,      34.0
     878.0,      -7.0,      35.0
     879.0,      -7.0,      36.0
     880.0,      -7.0,      37.0
     881.0,      -7.0,      38.0
     882.0,      -7.0,      39.0
     883.0,      -7.0,      40.0
     884.0,      -7.0,      41.0
     885.0,      -7.0,      42.0
     886.0,      -7.0,      43.0
     887.0,      -7.0,      44.0
     888.0,      -7.0,      45.0
     889.0,      -7.0,      46.0
     890.0,      -7.0,      47.0
     891.0,      -7.0,      48.0
     892.0,      -7.0,      49.0
     893.0,      -7.0,      50.0
     894.0,      -7.0,      51.0
     895.0,      -7.0,      52.0
     896.0,      -7.0,      53.0
     897.0,      -7.0,      54.0
     898.0,      -7.0,      55.0
     899.0,      -7.0,      56.0
     900.0,      -7.0,      57.0
     901.0,      -6.0,       5.0
     902.0,      -6.0,       6.0
     903.0,      -6.0,       7.0
     904.0,      -6.0,       8.0
     905.0,      -6.0,       9.0
     906.0,      -6.0,      10.0
     907.0,      -6.0,      11.0
     908.0,      -6.0,      12.0
     909.0,      -6.0,      13.0
     910.0,      -6.0,      14.0
     911.0,      -6.0,      15.0
     912.0,      -6.0,      16.0
     913.0,      -6.0,      17.0
     914.0,      -6.0,      18.0
     915.0,      -6.0,      19.0
     916.0,      -6.0,      20.0
     917.0,      -6.0,      21.0
     918.0,      -6.0,      22.0
     919.0,      -6.0,      23.0
     920.0,      -6.0,      24.0
     921.0,      -6.0,      25.0
     922.0,      -6.0,      26.0
     923.0,      -6.0,      27.0
     924.0,      -6.0,      28.0
     925.0,      -6.0,      29.0
     926.0,      -6.0,      30.0
     927.0,      -6.0,      31.0
     928.0,      -6.0,      32.0
     929.0,      -6.0,      33.0
     930.0,      -6.0,      34.0
     931.0,      -6.0,      35.0
     932.0,      -6.0,      36.0
     933.0,      -6.0,      37.0
     934.0,      -6.0,      38.0
     935.0,      -6.0,      39.0
     936.0,      -6.0,      40.0
     937.0,      -6.0,      41.0
     938.0,      -6.0,      42.0
     939.0,      -6.0,      43.0
     940.0,      -6.0,      44.0
     941.0,      -6.0,      45.0
     942.0,      -6.0,      46.0
     943.0,      -6.0,      47.0
     944.0,      -6.0,      48.0
     945.0,      -6.0,      49.0
     946.0,      -6.0,      50.0
     947.0,      -6.0,      51.0
     948.0,      -6.0,      52.0
     949.0,      -6.0,      53.0
     950.0,      -6.0,      54.0
     951.0,      -6.0,      55.0
     952.0,      -6.0,      56.0
     953.0,      -6.0,      57.0
     954.0,      -5.0,       5.0
     955.0,      -5.0,       6.0
     956.0,      -5.0,       7.0
     957.0,      -5.0,       8.0
     958.0,      -5.0,       9.0
     959.0,      -5.0,      10.0
     960.0,      -5.0,      11.0
     961.0,      -5.0,      12.0
     962.0,      -5.0,      13.0
     963.0,      -5.0,      14.0
     964.0,      -5.0,      15.0
     965.0,      -5.0,      16.0
     966.0,      -5.0,      17.0
     967.0,      -5.0,      18.0
     968.0,      -5.0,      19.0
     969.0,      -5.0,      20.0
     970.0,      -5.0,      21.0
     971.0,      -5.0,      22.0
     972.0,      -5.0,      23.0
     973.0,      -5.0,      24.0
     974.0,      -5.0,      25.0
     975.0,      -5.0,      26.0
     976.0,      -5.0,      27.0
     977.0,      -5.0,      28.0
     978.0,      -5.0,      29.0
     979.0,      -5.0,      30.0
     980.0,      -5.0,      31.0
     981.0,      -5.0,      32.0
     982.0,      -5.0,      33.0
     983.0,      -5.0,      34.0
     984.0,      -5.0,      35.0
     985.0,      -5.0,      36.0
     986.0,      -5.0,      37.0
     987.0,      -5.0,      38.0
     988.0,      -5.0,      39.0
     989.0,      -5.0,      40.0
     990.0,      -5.0,      41.0
     991.0,      -5.0,      42.0
     992.0,      -5.0,      43.0
     993.0,      -5.0,      44.0
     994.0,      -5.0,      45.0
     995.0,      -5.0,      46.0
     996.0,      -5.0,      47.0
     997.0,      -5.0,      48.0
     998.0,      -5.0,      49.0
     999.0,      -5.0,      50.0
    1000.0,      -5.0,      51.0
    1001.0,      -5.0,      52.0
    1002.0,      -5.0,      53.0
    1003.0,      -5.0,      54.0
    1004.0,      -5.0,      55.0
    1005.0,      -5.0,      56.0
    1006.0,      -5.0,      57.0
    1007.0,      -4.0,       5.0
    1008.0,      -4.0,       6.0
    1009.0,      -4.0,       7.0
    1010.0,      -4.0,       8.0
    1011.0,      -4.0,       9.0
    1012.0,      -4.0,      10.0
    1013.0,      -4.0,      11.0
    1014.0,      -4.0,      12.0
    1015.0,      -4.0,      13.0
    1016.0,      -4.0,      14.0
    1017.0,      -4.0,      15.0
    1018.0,      -4.0,      16.0
    1019.0,      -4.0,      17.0
    1020.0,      -4.0,      18.0
    1021.0,      -4.0,      19.0
    1022.0,      -4.0,      20.0
    1023.0,      -4.0,      21.0
    1024.0,      -4.0,      22.0
    1025.0,      -4.0,      23.0
    1026.0,      -4.0,      24.0
    1027.0,      -4.0,      25.0
    1028.0,      -4.0,      26.0
    1029.0,      -4.0,      27.0
    1030.0,      -4.0,      28.0
    1031.0,      -4.0,      29.0
    1032.0,      -4.0,      30.0
    1033.0,      -4.0,      31.0
    1034.0,      -4.0,      32.0
    1035.0,      -4.0,      33.0
    1036.0,      -4.0,      34.0
    1037.0,      -4.0,      35.0
    1038.0,      -4.0,      36.0
    1039.0,      -4.0,      37.0
    1040.0,      -4.0,      38.0
    1041.0,      -4.0,      39.0
    1042.0,      -4.0,      40.0
    1043.0,      -4.0,      41.0
    1044.0,      -4.0,      42.0
    1045.0,      -4.0,      43.0
    1046.0,      -4.0,      44.0
    1047.0,      -4.0,      45.0
    1048.0,      -4.0,      46.0
    1049.0,      -4.0,      47.0
    1050.0,      -4.0,      48.0
    1051.0,      -4.0,      49.0
    1052.0,      -4.0,      50.0
    1053.0,      -4.0,      51.0
    1054.0,      -4.0,      52.0
    1055.0,      -4.0,      53.0
    1056.0,      -4.0,      54.0
    1057.0,      -4.0,      55.0
    1058.0,      -4.0,      56.0
    1059.0,      -4.0,      57.0
    1060.0,      -3.0,       5.0
    1061.0,      -3.0,       6.0
    1062.0,      -3.0,       7.0
    1063.0,      -3.0,       8.0
    1064.0,      -3.0,       9.0
    1065.0,      -3.0,      10.0
    1066.0,      -3.0,      11.0
    1067.0,      -3.0,      12.0
    1068.0,      -3.0,      13.0
    1069.0,      -3.0,      14.0
    1070.0,      -3.0,      15.0
    1071.0,      -3.0,      16.0
    1072.0,      -3.0,      17.0
    1073.0,      -3.0,      18.0
    1074.0,      -3.0,      19.0
    1075.0,      -3.0,      20.0
    1076.0,      -3.0,      21.0
    1077.0,      -3.0,      22.0
    1078.0,      -3.0,      23.0
    1079.0,      -3.0,      24.0
    1080.0,      -3.0,      25.0
    1081.0,      -3.0,      26.0
    1082.0,      -3.0,      27.0
    1083.0,      -3.0,      28.0
    1084.0,      -3.0,      29.0
    1085.0,      -3.0,      30.0
    1086.0,      -3.0,      31.0
    1087.0,      -3.0,      32.0
    1088.0,      -3.0,      33.0
    1089.0,      -3.0,      34.0
    1090.0,      -3.0,      35.0
    1091.0,      -3.0,      36.0
    1092.0,      -3.0,      37.0
    1093.0,      -3.0,      38.0
    1094.0,      -3.0,      39.0
    1095.0,      -3.0,      40.0
    1096.0,      -3.0,      41.0
    1097.0,      -3.0,      42.0
    1098.0,      -3.0,      43.0
    1099.0,      -3.0,      44.0
    1100.0,      -3.0,      45.0
    1101.0,      -3.0,      46.0
    1102.0,      -3.0,      47.0
    1103.0,      -3.0,      48.0
    1104.0,      -3.0,      49.0
    1105.0,      -3.0,      50.0
    1106.0,      -3.0,      51.0
    1107.0,      -3.0,      52.0
    1108.0,      -3.0,      53.0
    1109.0,      -3.0,      54.0
    1110.0,      -3.0,      55.0
    1111.0,      -3.0,      56.0
    1112.0,      -3.0,      57.0
    1113.0,      -2.0,       5.0
    1114.0,      -2.0,       6.0
    1115.0,      -2.0,       7.0
    1116.0,      -2.0,       8.0
    1117.0,      -2.0,       9.0
    1118.0,      -2.0,      10.0
    1119.0,      -2.0,      11.0
    1120.0,      -2.0,      12.0
    1121.0,      -2.0,      13.0
    1122.0,      -2.0,      14.0
    1123.0,      -2.0,      15.0
    1124.0,      -2.0,      16.0
    1125.0,      -2.0,      17.0
    1126.0,      -2.0,      18.0
    1127.0,      -2.0,      19.0
    1128.0,      -2.0,      20.0
    1129.0,      -2.0,      21.0
    1130.0,      -2.0,      22.0
    1131.0,      -2.0,      23.0
    1132.0,      -2.0,      24.0
    1133.0,      -2.0,      25.0
    1134.0,      -2.0,      26.0
    1135.0,      -2.0,      27.0
    1136.0,      -2.0,      28.0
    1137.0,      -2.0,      29.0
    1138.0,      -2.0,      30.0
    1139.0,      -2.0,      31.0
    1140.0,      -2.0,      32.0
    1141.0,      -2.0,      33.0
    1142.0,      -2.0,      34.0
    1143.0,      -2.0,      35.0
    1144.0,      -2.0,      36.0
    1145.0,      -2.0,      37.0
    1146.0,      -2.0,      38.0
    1147.0,      -2.0,      39.0
    1148.0,      -2.0,      40.0
    1149.0,      -2.0,      41.0
    1150.0,      -2.0,      42.0
    1151.0,      -2.0,      43.0
    1152.0,      -2.0,      44.0
    1153.0,      -2.0,      45.0
    1154.0,      -2.0,      46.0
    1155.0,      -2.0,      47.0
    1156.0,      -2.0,      48.0
    1157.0,      -2.0,      49.0
    1158.0,      -2.0,      50.0
    1159.0,      -2.0,      51.0
    1160.0,      -2.0,      52.0
    1161.0,      -2.0,      53.0
    1162.0,      -2.0,      54.0
    1163.0,      -2.0,      55.0
    1164.0,      -2.0,      56.0
    1165.0,      -2.0,      57.0
    1166.0,      -1.0,       5.0
    1167.0,      -1.0,       6.0
    1168.0,      -1.0,       7.0
    1169.0,      -1.0,       8.0
    1170.0,      -1.0,       9.0
    1171.0,      -1.0,      10.0
    1172.0,      -1.0,      11.0
    1173.0,      -1.0,      12.0
    1174.0,      -1.0,      13.0
    1175.0,      -1.0,      14.0
    1176.0,      -1.0,      15.0
    1177.0,      -1.0,      16.0
    1178.0,      -1.0,      17.0
    1179.0,      -1.0,      18.0
    1180.0,      -1.0,      19.0
    1181.0,      -1.0,      20.0
    1182.0,      -1.0,      21.0
    1183.0,      -1.0,      22.0
    1184.0,      -1.0,      23.0
    1185.0,      -1.0,      24.0
    1186.0,      -1.0,      25.0
    1187.0,      -1.0,      26.0
    1188.0,      -1.0,      27.0
    1189.0,      -1.0,      28.0
    1190.0,      -1.0,      29.0
    1191.0,      -1.0,      30.0
    1192.0,      -1.0,      31.0
    1193.0,      -1.0,      32.0
    1194.0,      -1.0,      33.0
    1195.0,      -1.0,      34.0
    1196.0,      -1.0,      35.0
    1197.0,      -1.0,      36.0
    1198.0,      -1.0,      37.0
    1199.0,      -1.0,      38.0
    1200.0,      -1.0,      39.0
    1201.0,      -1.0,      40.0
    1202.0,      -1.0,      41.0
    1203.0,      -1.0,      42.0
    1204.0,      -1.0,      43.0
    1205.0,      -1.0,      44.0
    1206.0,      -1.0,      45.0
    1207.0,      -1.0,      46.0
    1208.0,      -1.0,      47.0
    1209.0,      -1.0,      48.0
    1210.0,      -1.0,      49.0
    1211.0,      -1.0,      50.0
    1212.0,      -1.0,      51.0
    1213.0,      -1.0,      52.0
    1214.0,      -1.0,      53.0
    1215.0,      -1.0,      54.0
    1216.0,      -1.0,      55.0
    1217.0,      -1.0,      56.0
    1218.0,      -1.0,      57.0
    1219.0,       0.0,       5.0
    1220.0,       0.0,       6.0
    1221.0,       0.0,       7.0
    1222.0,       0.0,       8.0
    1223.0,       0.0,       9.0
    1224.0,       0.0,      10.0
    1225.0,       0.0,      11.0
    1226.0,       0.0,      12.0
    1227.0,       0.0,      13.0
    1228.0,       0.0,      14.0
    1229.0,       0.0,      15.0
    1230.0,       0.0,      16.0
    1231.0,       0.0,      17.0
    1232.0,       0.0,      18.0
    1233.0,       0.0,      19.0
    1234.0,       0.0,      20.0
    1235.0,       0.0,      21.0
    1236.0,       0.0,      22.0
    1237.0,       0.0,      23.0
    1238.0,       0.0,      24.0
    1239.0,       0.0,      25.0
    1240.0,       0.0,      26.0
    1241.0,       0.0,      27.0
    1242.0,       0.0,      28.0
    1243.0,       0.0,      29.0
    1244.0,       0.0,      30.0
    1245.0,       0.0,      31.0
    1246.0,       0.0,      32.0
    1247.0,       0.0,      33.0
    1248.0,       0.0,      34.0
    1249.0,       0.0,      35.0
    1250.0,       0.0,      36.0
    1251.0,       0.0,      37.0
    1252.0,       0.0,      38.0
    1253.0,       0.0,      39.0
    1254.0,       0.0,      40.0
    1255.0,       0.0,      41.0
    1256.0,       0.0,      42.0
    1257.0,       0.0,      43.0
    1258.0,       0.0,      44.0
    1259.0,       0.0,      45.0
    1260.0,       0.0,      46.0
    1261.0,       0.0,      47.0
    1262.0,       0.0,      48.0
    1263.0,       0.0,      49.0
    1264.0,       0.0,      50.0
    1265.0,       0.0,      51.0
    1266.0,       0.0,      52.0
    1267.0,       0.0,      53.0
    1268.0,       0.0,      54.0
    1269.0,       0.0,      55.0
    1270.0,       0.0,      56.0
    1271.0,       0.0,      57.0
    1272.0,       1.0,       5.0
    1273.0,       1.0,       6.0
    1274.0,       1.0,       7.0
    1275.0,       1.0,       8.0
    1276.0,       1.0,       9.0
    1277.0,       1.0,      10.0
    1278.0,       1.0,      11.0
    1279.0,       1.0,      12.0
    1280.0,       1.0,      13.0
    1281.0,       1.0,      14.0
    1282.0,       1.0,      15.0
    1283.0,       1.0,      16.0
    1284.0,       1.0,      17.0
    1285.0,       1.0,      18.0
    1286.0,       1.0,      19.0
    1287.0,       1.0,      20.0
    1288.0,       1.0,      21.0
    1289.0,       1.0,      22.0
    1290.0,       1.0,      23.0
    1291.0,       1.0,      24.0
    1292.0,       1.0,      25.0
    1293.0,       1.0,      26.0
    1294.0,       1.0,      27.0
    1295.0,       1.0,      28.0
    1296.0,       1.0,      29.0
    1297.0,       1.0,      30.0
    1298.0,       1.0,      31.0
    1299.0,       1.0,      32.0
    1300.0,       1.0,      33.0
    1301.0,       1.0,      34.0
    1302.0,       1.0,      35.0
    1303.0,       1.0,      36.0
    1304.0,       1.0,      37.0
    1305.0,       1.0,      38.0
    1306.0,       1.0,      39.0
    1307.0,       1.0,      40.0
    1308.0,       1.0,      41.0
    1309.0,       1.0,      42.0
    1310.0,       1.0,      43.0
    1311.0,       1.0,      44.0
    1312.0,       1.0,      45.0
    1313.0,       1.0,      46.0
    1314.0,       1.0,      47.0
    1315.0,       1.0,      48.0
    1316.0,       1.0,      49.0
    1317.0,       1.0,      50.0
    1318.0,       1.0,      51.0
    1319.0,       1.0,      52.0
    1320.0,       1.0,      53.0
    1321.0,       1.0,      54.0
    1322.0,       1.0,      55.0
    1323.0,       1.0,      56.0
    1324.0,       1.0,      57.0
    1325.0,       2.0,       5.0
    1326.0,       2.0,       6.0
    1327.0,       2.0,       7.0
    1328.0,       2.0,       8.0
    1329.0,       2.0,       9.0
    1330.0,       2.0,      10.0
    1331.0,       2.0,      11.0
    1332.0,       2.0,      12.0
    1333.0,       2.0,      13.0
    1334.0,       2.0,      14.0
    1335.0,       2.0,      15.0
    1336.0,       2.0,      16.0
    1337.0,       2.0,      17.0
    1338.0,       2.0,      18.0
    1339.0,       2.0,      19.0
    1340.0,       2.0,      20.0
    1341.0,       2.0,      21.0
    1342.0,       2.0,      22.0
    1343.0,       2.0,      23.0
    1344.0,       2.0,      24.0
    1345.0,       2.0,      25.0
    1346.0,       2.0,      26.0
    1347.0,       2.0,      27.0
    1348.0,       2.0,      28.0
    1349.0,       2.0,      29.0
    1350.0,       2.0,      30.0
    1351.0,       2.0,      31.0
    1352.0,       2.0,      32.0
    1353.0,       2.0,      33.0
    1354.0,       2.0,      34.0
    1355.0,       2.0,      35.0
    1356.0,       2.0,      36.0
    1357.0,       2.0,      37.0
    1358.0,       2.0,      38.0
    1359.0,       2.0,      39.0
    1360.0,       2.0,      40.0
    1361.0,       2.0,      41.0
    1362.0,       2.0,      42.0
    1363.0,       2.0,      43.0
    1364.0,       2.0,      44.0
    1365.0,       2.0,      45.0
    1366.0,       2.0,      46.0
    1367.0,       2.0,      47.0
    1368.0,       2.0,      48.0
    1369.0,       2.0,      49.0
    1370.0,       2.0,      50.0
    1371.0,       2.0,      51.0
    1372.0,       2.0,      52.0
    1373.0,       2.0,      53.0
    1374.0,       2.0,      54.0
    1375.0,       2.0,      55.0
    1376.0,       2.0,      56.0
    1377.0,       2.0,      57.0
    1378.0,       3.0,       5.0
    1379.0,       3.0,       6.0
    1380.0,       3.0,       7.0
    1381.0,       3.0,       8.0
    1382.0,       3.0,       9.0
    1383.0,       3.0,      10.0
    1384.0,       3.0,      11.0
    1385.0,       3.0,      12.0
    1386.0,       3.0,      13.0
    1387.0,       3.0,      14.0
    1388.0,       3.0,      15.0
    1389.0,       3.0,      16.0
    1390.0,       3.0,      17.0
    1391.0,       3.0,      18.0
    1392.0,       3.0,      19.0
    1393.0,       3.0,      20.0
    1394.0,       3.0,      21.0
    1395.0,       3.0,      22.0
    1396.0,       3.0,      23.0
    1397.0,       3.0,      24.0
    1398.0,       3.0,      25.0
    1399.0,       3.0,      26.0
    1400.0,       3.0,      27.0
    1401.0,       3.0,      28.0
    1402.0,       3.0,      29.0
    1403.0,       3.0,      30.0
    1404.0,       3.0,      31.0
    1405.0,       3.0,      32.0
    1406.0,       3.0,      33.0
    1407.0,       3.0,      34.0
    1408.0,       3.0,      35.0
    1409.0,       3.0,      36.0
    1410.0,       3.0,      37.0
    1411.0,       3.0,      38.0
    1412.0,       3.0,      39.0
    1413.0,       3.0,      40.0
    1414.0,       3.0,      41.0
    1415.0,       3.0,      42.0
    1416.0,       3.0,      43.0
    1417.0,       3.0,      44.0
    1418.0,       3.0,      45.0
    1419.0,       3.0,      46.0
    1420.0,       3.0,      47.0
    1421.0,       3.0,      48.0
    1422.0,       3.0,      49.0
    1423.0,       3.0,      50.0
    1424.0,       3.0,      51.0
    1425.0,       3.0,      52.0
    1426.0,       3.0,      53.0
    1427.0,       3.0,      54.0
    1428.0,       3.0,      55.0
    1429.0,       3.0,      56.0
    1430.0,       3.0,      57.0
    1431.0,       4.0,       5.0
    1432.0,       4.0,       6.0
    1433.0,       4.0,       7.0
    1434.0,       4.0,       8.0
    1435.0,       4.0,       9.0
    1436.0,       4.0,      10.0
    1437.0,       4.0,      11.0
    1438.0,       4.0,      12.0
    1439.0,       4.0,      13.0
    1440.0,       4.0,      14.0
    1441.0,       4.0,      15.0
    1442.0,       4.0,      16.0
    1443.0,       4.0,      17.0
    1444.0,       4.0,      18.0
    1445.0,       4.0,      19.0
    1446.0,       4.0,      20.0
    1447.0,       4.0,      21.0
    1448.0,       4.0,      22.0
    1449.0,       4.0,      23.0
    1450.0,       4.0,      24.0
    1451.0,       4.0,      25.0
    1452.0,       4.0,      26.0
    1453.0,       4.0,      27.0
    1454.0,       4.0,      28.0
    1455.0,       4.0,      29.0
    1456.0,       4.0,      30.0
    1457.0,       4.0,      31.0
    1458.0,       4.0,      32.0
    1459.0,       4.0,      33.0
    1460.0,       4.0,      34.0
    1461.0,       4.0,      35.0
    1462.0,       4.0,      36.0
    1463.0,       4.0,      37.0
    1464.0,       4.0,      38.0
    1465.0,       4.0,      39.0
    1466.0,       4.0,      40.0
    1467.0,       4.0,      41.0
    1468.0,       4.0,      42.0
    1469.0,       4.0,      43.0
    1470.0,       4.0,      44.0
    1471.0,       4.0,      45.0
    1472.0,       4.0,      46.0
    1473.0,       4.0,      47.0
    1474.0,       4.0,      48.0
    1475.0,       4.0,      49.0
    1476.0,       4.0,      50.0
    1477.0,       4.0,      51.0
    1478.0,       4.0,      52.0
    1479.0,       4.0,      53.0
    1480.0,       4.0,      54.0
    1481.0,       4.0,      55.0
    1482.0,       4.0,      56.0
    1483.0,       4.0,      57.0
    1484.0,       5.0,       5.0
    1485.0,       5.0,       6.0
    1486.0,       5.0,       7.0
    1487.0,       5.0,       8.0
    1488.0,       5.0,       9.0
    1489.0,       5.0,      10.0
    1490.0,       5.0,      11.0
    1491.0,       5.0,      12.0
    1492.0,       5.0,      13.0
    1493.0,       5.0,      14.0
    1494.0,       5.0,      15.0
    1495.0,       5.0,      16.0
    1496.0,       5.0,      17.0
    1497.0,       5.0,      18.0
    1498.0,       5.0,      19.0
    1499.0,       5.0,      20.0
    1500.0,       5.0,      21.0
    1501.0,       5.0,      22.0
    1502.0,       5.0,      23.0
    1503.0,       5.0,      24.0
    1504.0,       5.0,      25.0
    1505.0,       5.0,      26.0
    1506.0,       5.0,      27.0
    1507.0,       5.0,      28.0
    1508.0,       5.0,      29.0
    1509.0,       5.0,      30.0
    1510.0,       5.0,      31.0
    1511.0,       5.0,      32.0
    1512.0,       5.0,      33.0
    1513.0,       5.0,      34.0
    1514.0,       5.0,      35.0
    1515.0,       5.0,      36.0
    1516.0,       5.0,      37.0
    1517.0,       5.0,      38.0
    1518.0,       5.0,      39.0
    1519.0,       5.0,      40.0
    1520.0,       5.0,      41.0
    1521.0,       5.0,      42.0
    1522.0,       5.0,      43.0
    1523.0,       5.0,      44.0
    1524.0,       5.0,      45.0
    1525.0,       5.0,      46.0
    1526.0,       5.0,      47.0
    1527.0,       5.0,      48.0
    1528.0,       5.0,      49.0
    1529.0,       5.0,      50.0
    1530.0,       5.0,      51.0
    1531.0,       5.0,      52.0
    1532.0,       5.0,      53.0
    1533.0,       5.0,      54.0
    1534.0,       5.0,      55.0
    1535.0,       5.0,      56.0
    1536.0,       5.0,      57.0
    1537.0,       6.0,       5.0
    1538.0,       6.0,       6.0
    1539.0,       6.0,       7.0
    1540.0,       6.0,       8.0
    1541.0,       6.0,       9.0
    1542.0,       6.0,      10.0
    1543.0,       6.0,      11.0
    1544.0,       6.0,      12.0
    1545.0,       6.0,      13.0
    1546.0,       6.0,      14.0
    1547.0,       6.0,      15.0
    1548.0,       6.0,      16.0
    1549.0,       6.0,      17.0
    1550.0,       6.0,      18.0
    1551.0,       6.0,      19.0
    1552.0,       6.0,      20.0
    1553.0,       6.0,      21.0
    1554.0,       6.0,      22.0
    1555.0,       6.0,      23.0
    1556.0,       6.0,      24.0
    1557.0,       6.0,      25.0
    1558.0,       6.0,      26.0
    1559.0,       6.0,      27.0
    1560.0,       6.0,      28.0
    1561.0,       6.0,      29.0
    1562.0,       6.0,      30.0
    1563.0,       6.0,      31.0
    1564.0,       6.0,      32.0
    1565.0,       6.0,      33.0
    1566.0,       6.0,      34.0
    1567.0,       6.0,      35.0
    1568.0,       6.0,      36.0
    1569.0,       6.0,      37.0
    1570.0,       6.0,      38.0
    1571.0,       6.0,      39.0
    1572.0,       6.0,      40.0
    1573.0,       6.0,      41.0
    1574.0,       6.0,      42.0
    1575.0,       6.0,      43.0
    1576.0,       6.0,      44.0
    1577.0,       6.0,      45.0
    1578.0,       6.0,      46.0
    1579.0,       6.0,      47.0
    1580.0,       6.0,      48.0
    1581.0,       6.0,      49.0
    1582.0,       6.0,      50.0
    1583.0,       6.0,      51.0
    1584.0,       6.0,      52.0
    1585.0,       6.0,      53.0
    1586.0,       6.0,      54.0
    1587.0,       6.0,      55.0
    1588.0,       6.0,      56.0
    1589.0,       6.0,      57.0
    1590.0,       7.0,       5.0
    1591.0,       7.0,       6.0
    1592.0,       7.0,       7.0
    1593.0,       7.0,       8.0
    1594.0,       7.0,       9.0
    1595.0,       7.0,      10.0
    1596.0,       7.0,      11.0
    1597.0,       7.0,      12.0
    1598.0,       7.0,      13.0
    1599.0,       7.0,      14.0
    1600.0,       7.0,      15.0
    1601.0,       7.0,      16.0
    1602.0,       7.0,      17.0
    1603.0,       7.0,      18.0
    1604.0,       7.0,      19.0
    1605.0,       7.0,      20.0
    1606.0,       7.0,      21.0
    1607.0,       7.0,      22.0
    1608.0,       7.0,      23.0
    1609.0,       7.0,      24.0
    1610.0,       7.0,      25.0
    1611.0,       7.0,      26.0
    1612.0,       7.0,      27.0
    1613.0,       7.0,      28.0
    1614.0,       7.0,      29.0
    1615.0,       7.0,      30.0
    1616.0,       7.0,      31.0
    1617.0,       7.0,      32.0
    1618.0,       7.0,      33.0
    1619.0,       7.0,      34.0
    1620.0,       7.0,      35.0
    1621.0,       7.0,      36.0
    1622.0,       7.0,      37.0
    1623.0,       7.0,      38.0
    1624.0,       7.0,      39.0
    1625.0,       7.0,      40.0
    1626.0,       7.0,      41.0
    1627.0,       7.0,      42.0
    1628.0,       7.0,      43.0
    1629.0,       7.0,      44.0
    1630.0,       7.0,      45.0
    1631.0,       7.0,      46.0
    1632.0,       7.0,      47.0
    1633.0,       7.0,      48.0
    1634.0,       7.0,      49.0
    1635.0,       7.0,      50.0
    1636.0,       7.0,      51.0
    1637.0,       7.0,      52.0
    1638.0,       7.0,      53.0
    1639.0,       7.0,      54.0
    1640.0,       7.0,      55.0
    1641.0,       7.0,      56.0
    1642.0,       7.0,      57.0
    1643.0,       8.0,       5.0
    1644.0,       8.0,       6.0
    1645.0,       8.0,       7.0
    1646.0,       8.0,       8.0
    1647.0,       8.0,       9.0
    1648.0,       8.0,      10.0
    1649.0,       8.0,      11.0
    1650.0,       8.0,      12.0
    1651.0,       8.0,      13.0
    1652.0,       8.0,      14.0
    1653.0,       8.0,      15.0
    1654.0,       8.0,      16.0
    1655.0,       8.0,      17.0
    1656.0,       8.0,      18.0
    1657.0,       8.0,      19.0
    1658.0,       8.0,      20.0
    1659.0,       8.0,      21.0
    1660.0,       8.0,      22.0
    1661.0,       8.0,      23.0
    1662.0,       8.0,      24.0
    1663.0,       8.0,      25.0
    1664.0,       8.0,      26.0
    1665.0,       8.0,      27.0
    1666.0,       8.0,      28.0
    1667.0,       8.0,      29.0
    1668.0,       8.0,      30.0
    1669.0,       8.0,      31.0
    1670.0,       8.0,      32.0
    1671.0,       8.0,      33.0
    1672.0,       8.0,      34.0
    1673.0,       8.0,      35.0
    1674.0,       8.0,      36.0
    1675.0,       8.0,      37.0
    1676.0,       8.0,      38.0
    1677.0,       8.0,      39.0
    1678.0,       8.0,      40.0
    1679.0,       8.0,      41.0
    1680.0,       8.0,      42.0
    1681.0,       8.0,      43.0
    1682.0,       8.0,      44.0
    1683.0,       8.0,      45.0
    1684.0,       8.0,      46.0
    1685.0,       8.0,      47.0
    1686.0,       8.0,      48.0
    1687.0,       8.0,      49.0
    1688.0,       8.0,      50.0
    1689.0,       8.0,      51.0
    1690.0,       8.0,      52.0
    1691.0,       8.0,      53.0
    1692.0,       8.0,      54.0
    1693.0,       8.0,      55.0
    1694.0,       8.0,      56.0
    1695.0,       8.0,      57.0
    1696.0,       9.0,       5.0
    1697.0,       9.0,       6.0
    1698.0,       9.0,       7.0
    1699.0,       9.0,       8.0
    1700.0,       9.0,       9.0
    1701.0,       9.0,      10.0
    1702.0,       9.0,      11.0
    1703.0,       9.0,      12.0
    1704.0,       9.0,      13.0
    1705.0,       9.0,      14.0
    1706.0,       9.0,      15.0
    1707.0,       9.0,      16.0
    1708.0,       9.0,      17.0
    1709.0,       9.0,      18.0
    1710.0,       9.0,      19.0
    1711.0,       9.0,      20.0
    1712.0,       9.0,      21.0
    1713.0,       9.0,      22.0
    1714.0,       9.0,      23.0
    1715.0,       9.0,      24.0
    1716.0,       9.0,      25.0
    1717.0,       9.0,      26.0
    1718.0,       9.0,      27.0
    1719.0,       9.0,      28.0
    1720.0,       9.0,      29.0
    1721.0,       9.0,      30.0
    1722.0,       9.0,      31.0
    1723.0,       9.0,      32.0
    1724.0,       9.0,      33.0
    1725.0,       9.0,      34.0
    1726.0,       9.0,      35.0
    1727.0,       9.0,      36.0
    1728.0,       9.0,      37.0
    1729.0,       9.0,      38.0
    1730.0,       9.0,      39.0
    1731.0,       9.0,      40.0
    1732.0,       9.0,      41.0
    1733.0,       9.0,      42.0
    1734.0,       9.0,      43.0
    1735.0,       9.0,      44.0
    1736.0,       9.0,      45.0
    1737.0,       9.0,      46.0
    1738.0,       9.0,      47.0
    1739.0,       9.0,      48.0
    1740.0,       9.0,      49.0
    1741.0,       9.0,      50.0
    1742.0,       9.0,      51.0
    1743.0,       9.0,      52.0
    1744.0,       9.0,      53.0
    1745.0,       9.0,      54.0
    1746.0,       9.0,      55.0
    1747.0,       9.0,      56.0
    1748.0,       9.0,      57.0
    1749.0,      10.0,       5.0
    1750.0,      10.0,       6.0
    1751.0,      10.0,       7.0
    1752.0,      10.0,       8.0
    1753.0,      10.0,       9.0
    1754.0,      10.0,      10.0
    1755.0,      10.0,      11.0
    1756.0,      10.0,      12.0
    1757.0,      10.0,      13.0
    1758.0,      10.0,      14.0
    1759.0,      10.0,      15.0
    1760.0,      10.0,      16.0
    1761.0,      10.0,      17.0
    1762.0,      10.0,      18.0
    1763.0,      10.0,      19.0
    1764.0,      10.0,      20.0
    1765.0,      10.0,      21.0
    1766.0,      10.0,      22.0
    1767.0,      10.0,      23.0
    1768.0,      10.0,      24.0
    1769.0,      10.0,      25.0
    1770.0,      10.0,      26.0
    1771.0,      10.0,      27.0
    1772.0,      10.0,      28.0
    1773.0,      10.0,      29.0
    1774.0,      10.0,      30.0
    1775.0,      10.0,      31.0
    1776.0,      10.0,      32.0
    1777.0,      10.0,      33.0
    1778.0,      10.0,      34.0
    1779.0,      10.0,      35.0
    1780.0,      10.0,      36.0
    1781.0,      10.0,      37.0
    1782.0,      10.0,      38.0
    1783.0,      10.0,      39.0
    1784.0,      10.0,      40.0
    1785.0,      10.0,      41.0
    1786.0,      10.0,      42.0
    1787.0,      10.0,      43.0
    1788.0,      10.0,      44.0
    1789.0,      10.0,      45.0
    1790.0,      10.0,      46.0
    1791.0,      10.0,      47.0
    1792.0,      10.0,      48.0
    1793.0,      10.0,      49.0
    1794.0,      10.0,      50.0
    1795.0,      10.0,      51.0
    1796.0,      10.0,      52.0
    1797.0,      10.0,      53.0
    1798.0,      10.0,      54.0
    1799.0,      10.0,      55.0
    1800.0,      10.0,      56.0
    1801.0,      10.0,      57.0
    1802.0,      11.0,       5.0
    1803.0,      11.0,       6.0
    1804.0,      11.0,       7.0
    1805.0,      11.0,       8.0
    1806.0,      11.0,       9.0
    1807.0,      11.0,      10.0
    1808.0,      11.0,      11.0
    1809.0,      11.0,      12.0
    1810.0,      11.0,      13.0
    1811.0,      11.0,      14.0
    1812.0,      11.0,      15.0
    1813.0,      11.0,      16.0
    1814.0,      11.0,      17.0
    1815.0,      11.0,      18.0
    1816.0,      11.0,      19.0
    1817.0,      11.0,      20.0
    1818.0,      11.0,      21.0
    1819.0,      11.0,      22.0
    1820.0,      11.0,      23.0
    1821.0,      11.0,      24.0
    1822.0,      11.0,      25.0
    1823.0,      11.0,      26.0
    1824.0,      11.0,      27.0
    1825.0,      11.0,      28.0
    1826.0,      11.0,      29.0
    1827.0,      11.0,      30.0
    1828.0,      11.0,      31.0
    1829.0,      11.0,      32.0
    1830.0,      11.0,      33.0
    1831.0,      11.0,      34.0
    1832.0,      11.0,      35.0
    1833.0,      11.0,      36.0
    1834.0,      11.0,      37.0
    1835.0,      11.0,      38.0
    1836.0,      11.0,      39.0
    1837.0,      11.0,      40.0
    1838.0,      11.0,      41.0
    1839.0,      11.0,      42.0
    1840.0,      11.0,      43.0
    1841.0,      11.0,      44.0
    1842.0,      11.0,      45.0
    1843.0,      11.0,      46.0
    1844.0,      11.0,      47.0
    1845.0,      11.0,      48.0
    1846.0,      11.0,      49.0
    1847.0,      11.0,      50.0
    1848.0,      11.0,      51.0
    1849.0,      11.0,      52.0
    1850.0,      11.0,      53.0
    1851.0,      11.0,      54.0
    1852.0,      11.0,      55.0
    1853.0,      11.0,      56.0
    1854.0,      11.0,      57.0
    1855.0,      12.0,       5.0
    1856.0,      12.0,       6.0
    1857.0,      12.0,       7.0
    1858.0,      12.0,       8.0
    1859.0,      12.0,       9.0
    1860.0,      12.0,      10.0
    1861.0,      12.0,      11.0
    1862.0,      12.0,      12.0
    1863.0,      12.0,      13.0
    1864.0,      12.0,      14.0
    1865.0,      12.0,      15.0
    1866.0,      12.0,      16.0
    1867.0,      12.0,      17.0
    1868.0,      12.0,      18.0
    1869.0,      12.0,      19.0
    1870.0,      12.0,      20.0
    1871.0,      12.0,      21.0
    1872.0,      12.0,      22.0
    1873.0,      12.0,      23.0
    1874.0,      12.0,      24.0
    1875.0,      12.0,      25.0
    1876.0,      12.0,      26.0
    1877.0,      12.0,      27.0
    1878.0,      12.0,      28.0
    1879.0,      12.0,      29.0
    1880.0,      12.0,      30.0
    1881.0,      12.0,      31.0
    1882.0,      12.0,      32.0
    1883.0,      12.0,      33.0
    1884.0,      12.0,      34.0
    1885.0,      12.0,      35.0
    1886.0,      12.0,      36.0
    1887.0,      12.0,      37.0
    1888.0,      12.0,      38.0
    1889.0,      12.0,      39.0
    1890.0,      12.0,      40.0
    1891.0,      12.0,      41.0
    1892.0,      12.0,      42.0
    1893.0,      12.0,      43.0
    1894.0,      12.0,      44.0
    1895.0,      12.0,      45.0
    1896.0,      12.0,      46.0
    1897.0,      12.0,      47.0
    1898.0,      12.0,      48.0
    1899.0,      12.0,      49.0
    1900.0,      12.0,      50.0
    1901.0,      12.0,      51.0
    1902.0,      12.0,      52.0
    1903.0,      12.0,      53.0
    1904.0,      12.0,      54.0
    1905.0,      12.0,      55.0
    1906.0,      12.0,      56.0
    1907.0,      12.0,      57.0
    1908.0,      13.0,       5.0
    1909.0,      13.0,       6.0
    1910.0,      13.0,       7.0
    1911.0,      13.0,       8.0
    1912.0,      13.0,       9.0
    1913.0,      13.0,      10.0
    1914.0,      13.0,      11.0
    1915.0,      13.0,      12.0
    1916.0,      13.0,      13.0
    1917.0,      13.0,      14.0
    1918.0,      13.0,      15.0
    1919.0,      13.0,      16.0
    1920.0,      13.0,      17.0
    1921.0,      13.0,      18.0
    1922.0,      13.0,      19.0
    1923.0,      13.0,      20.0
    1924.0,      13.0,      21.0
    1925.0,      13.0,      22.0
    1926.0,      13.0,      23.0
    1927.0,      13.0,      24.0
    1928.0,      13.0,      25.0
    1929.0,      13.0,      26.0
    1930.0,      13.0,      27.0
    1931.0,      13.0,      28.0
    1932.0,      13.0,      29.0
    1933.0,      13.0,      30.0
    1934.0,      13.0,      31.0
    1935.0,      13.0,      32.0
    1936.0,      13.0,      33.0
    1937.0,      13.0,      34.0
    1938.0,      13.0,      35.0
    1939.0,      13.0,      36.0
    1940.0,      13.0,      37.0
    1941.0,      13.0,      38.0
    1942.0,      13.0,      39.0
    1943.0,      13.0,      40.0
    1944.0,      13.0,      41.0
    1945.0,      13.0,      42.0
    1946.0,      13.0,      43.0
    1947.0,      13.0,      44.0
    1948.0,      13.0,      45.0
    1949.0,      13.0,      46.0
    1950.0,      13.0,      47.0
    1951.0,      13.0,      48.0
    1952.0,      13.0,      49.0
    1953.0,      13.0,      50.0
    1954.0,      13.0,      51.0
    1955.0,      13.0,      52.0
    1956.0,      13.0,      53.0
    1957.0,      13.0,      54.0
    1958.0,      13.0,      55.0
    1959.0,      13.0,      56.0
    1960.0,      13.0,      57.0
    1961.0,      14.0,       5.0
    1962.0,      14.0,       6.0
    1963.0,      14.0,       7.0
    1964.0,      14.0,       8.0
    1965.0,      14.0,       9.0
    1966.0,      14.0,      10.0
    1967.0,      14.0,      11.0
    1968.0,      14.0,      12.0
    1969.0,      14.0,      13.0
    1970.0,      14.0,      14.0
    1971.0,      14.0,      15.0
    1972.0,      14.0,      16.0
    1973.0,      14.0,      17.0
    1974.0,      14.0,      18.0
    1975.0,      14.0,      19.0
    1976.0,      14.0,      20.0
    1977.0,      14.0,      21.0
    1978.0,      14.0,      22.0
    1979.0,      14.0,      23.0
    1980.0,      14.0,      24.0
    1981.0,      14.0,      25.0
    1982.0,      14.0,      26.0
    1983.0,      14.0,      27.0
    1984.0,      14.0,      28.0
    1985.0,      14.0,      29.0
    1986.0,      14.0,      30.0
    1987.0,      14.0,      31.0
    1988.0,      14.0,      32.0
    1989.0,      14.0,      33.0
    1990.0,      14.0,      34.0
    1991.0,      14.0,      35.0
    1992.0,      14.0,      36.0
    1993.0,      14.0,      37.0
    1994.0,      14.0,      38.0
    1995.0,      14.0,      39.0
    1996.0,      14.0,      40.0
    1997.0,      14.0,      41.0
    1998.0,      14.0,      42.0
    1999.0,      14.0,      43.0
    2000.0,      14.0,      44.0
    2001.0,      14.0,      45.0
    2002.0,      14.0,      46.0
    2003.0,      14.0,      47.0
    2004.0,      14.0,      48.0
    2005.0,      14.0,      49.0
    2006.0,      14.0,      50.0
    2007.0,      14.0,      51.0
    2008.0,      14.0,      52.0
    2009.0,      14.0,      53.0
    2010.0,      14.0,      54.0
    2011.0,      14.0,      55.0
    2012.0,      14.0,      56.0
    2013.0,      14.0,      57.0
    2014.0,      15.0,       5.0
    2015.0,      15.0,       6.0
    2016.0,      15.0,       7.0
    2017.0,      15.0,       8.0
    2018.0,      15.0,       9.0
    2019.0,      15.0,      10.0
    2020.0,      15.0,      11.0
    2021.0,      15.0,      12.0
    2022.0,      15.0,      13.0
    2023.0,      15.0,      14.0
    2024.0,      15.0,      15.0
    2025.0,      15.0,      16.0
    2026.0,      15.0,      17.0
    2027.0,      15.0,      18.0
    2028.0,      15.0,      19.0
    2029.0,      15.0,      20.0
    2030.0,      15.0,      21.0
    2031.0,      15.0,      22.0
    2032.0,      15.0,      23.0
    2033.0,      15.0,      24.0
    2034.0,      15.0,      25.0
    2035.0,      15.0,      26.0
    2036.0,      15.0,      27.0
    2037.0,      15.0,      28.0
    2038.0,      15.0,      29.0
    2039.0,      15.0,      30.0
    2040.0,      15.0,      31.0
    2041.0,      15.0,      32.0
    2042.0,      15.0,      33.0
    2043.0,      15.0,      34.0
    2044.0,      15.0,      35.0
    2045.0,      15.0,      36.0
    2046.0,      15.0,      37.0
    2047.0,      15.0,      38.0
    2048.0,      15.0,      39.0
    2049.0,      15.0,      40.0
    2050.0,      15.0,      41.0
    2051.0,      15.0,      42.0
    2052.0,      15.0,      43.0
    2053.0,      15.0,      44.0
    2054.0,      15.0,      45.0
    2055.0,      15.0,      46.0
    2056.0,      15.0,      47.0
    2057.0,      15.0,      48.0
    2058.0,      15.0,      49.0
    2059.0,      15.0,      50.0
    2060.0,      15.0,      51.0
    2061.0,      15.0,      52.0
    2062.0,      15.0,      53.0
    2063.0,      15.0,      54.0
    2064.0,      15.0,      55.0
    2065.0,      15.0,      56.0
    2066.0,      15.0,      57.0
    2067.0,      16.0,       5.0
    2068.0,      16.0,       6.0
    2069.0,      16.0,       7.0
    2070.0,      16.0,       8.0
    2071.0,      16.0,       9.0
    2072.0,      16.0,      10.0
    2073.0,      16.0,      11.0
    2074.0,      16.0,      12.0
    2075.0,      16.0,      13.0
    2076.0,      16.0,      14.0
    2077.0,      16.0,      15.0
    2078.0,      16.0,      16.0
    2079.0,      16.0,      17.0
    2080.0,      16.0,      18.0
    2081.0,      16.0,      19.0
    2082.0,      16.0,      20.0
    2083.0,      16.0,      21.0
    2084.0,      16.0,      22.0
    2085.0,      16.0,      23.0
    2086.0,      16.0,      24.0
    2087.0,      16.0,      25.0
    2088.0,      16.0,      26.0
    2089.0,      16.0,      27.0
    2090.0,      16.0,      28.0
    2091.0,      16.0,      29.0
    2092.0,      16.0,      30.0
    2093.0,      16.0,      31.0
    2094.0,      16.0,      32.0
    2095.0,      16.0,      33.0
    2096.0,      16.0,      34.0
    2097.0,      16.0,      35.0
    2098.0,      16.0,      36.0
    2099.0,      16.0,      37.0
    2100.0,      16.0,      38.0
    2101.0,      16.0,      39.0
    2102.0,      16.0,      40.0
    2103.0,      16.0,      41.0
    2104.0,      16.0,      42.0
    2105.0,      16.0,      43.0
    2106.0,      16.0,      44.0
    2107.0,      16.0,      45.0
    2108.0,      16.0,      46.0
    2109.0,      16.0,      47.0
    2110.0,      16.0,      48.0
    2111.0,      16.0,      49.0
    2112.0,      16.0,      50.0
    2113.0,      16.0,      51.0
    2114.0,      16.0,      52.0
    2115.0,      16.0,      53.0
    2116.0,      16.0,      54.0
    2117.0,      16.0,      55.0
    2118.0,      16.0,      56.0
    2119.0,      16.0,      57.0
    2120.0,      17.0,       5.0
    2121.0,      17.0,       6.0
    2122.0,      17.0,       7.0
    2123.0,      17.0,       8.0
    2124.0,      17.0,       9.0
    2125.0,      17.0,      10.0
    2126.0,      17.0,      11.0
    2127.0,      17.0,      12.0
    2128.0,      17.0,      13.0
    2129.0,      17.0,      14.0
    2130.0,      17.0,      15.0
    2131.0,      17.0,      16.0
    2132.0,      17.0,      17.0
    2133.0,      17.0,      18.0
    2134.0,      17.0,      19.0
    2135.0,      17.0,      20.0
    2136.0,      17.0,      21.0
    2137.0,      17.0,      22.0
    2138.0,      17.0,      23.0
    2139.0,      17.0,      24.0
    2140.0,      17.0,      25.0
    2141.0,      17.0,      26.0
    2142.0,      17.0,      27.0
    2143.0,      17.0,      28.0
    2144.0,      17.0,      29.0
    2145.0,      17.0,      30.0
    2146.0,      17.0,      31.0
    2147.0,      17.0,      32.0
    2148.0,      17.0,      33.0
    2149.0,      17.0,      34.0
    2150.0,      17.0,      35.0
    2151.0,      17.0,      36.0
    2152.0,      17.0,      37.0
    2153.0,      17.0,      38.0
    2154.0,      17.0,      39.0
    2155.0,      17.0,      40.0
    2156.0,      17.0,      41.0
    2157.0,      17.0,      42.0
    2158.0,      17.0,      43.0
    2159.0,      17.0,      44.0
    2160.0,      17.0,      45.0
    2161.0,      17.0,      46.0
    2162.0,      17.0,      47.0
    2163.0,      17.0,      48.0
    2164.0,      17.0,      49.0
    2165.0,      17.0,      50.0
    2166.0,      17.0,      51.0
    2167.0,      17.0,      52.0
    2168.0,      17.0,      53.0
    2169.0,      17.0,      54.0
    2170.0,      17.0,      55.0
    2171.0,      17.0,      56.0
    2172.0,      17.0,      57.0
    2173.0,      18.0,       5.0
    2174.0,      18.0,       6.0
    2175.0,      18.0,       7.0
    2176.0,      18.0,       8.0
    2177.0,      18.0,       9.0
    2178.0,      18.0,      10.0
    2179.0,      18.0,      11.0
    2180.0,      18.0,      12.0
    2181.0,      18.0,      13.0
    2182.0,      18.0,      14.0
    2183.0,      18.0,      15.0
    2184.0,      18.0,      16.0
    2185.0,      18.0,      17.0
    2186.0,      18.0,      18.0
    2187.0,      18.0,      19.0
    2188.0,      18.0,      20.0
    2189.0,      18.0,      21.0
    2190.0,      18.0,      22.0
    2191.0,      18.0,      23.0
    2192.0,      18.0,      24.0
    2193.0,      18.0,      25.0
    2194.0,      18.0,      26.0
    2195.0,      18.0,      27.0
    2196.0,      18.0,      28.0
    2197.0,      18.0,      29.0
    2198.0,      18.0,      30.0
    2199.0,      18.0,      31.0
    2200.0,      18.0,      32.0
    2201.0,      18.0,      33.0
    2202.0,      18.0,      34.0
    2203.0,      18.0,      35.0
    2204.0,      18.0,      36.0
    2205.0,      18.0,      37.0
    2206.0,      18.0,      38.0
    2207.0,      18.0,      39.0
    2208.0,      18.0,      40.0
    2209.0,      18.0,      41.0
    2210.0,      18.0,      42.0
    2211.0,      18.0,      43.0
    2212.0,      18.0,      44.0
    2213.0,      18.0,      45.0
    2214.0,      18.0,      46.0
    2215.0,      18.0,      47.0
    2216.0,      18.0,      48.0
    2217.0,      18.0,      49.0
    2218.0,      18.0,      50.0
    2219.0,      18.0,      51.0
    2220.0,      18.0,      52.0
    2221.0,      18.0,      53.0
    2222.0,      18.0,      54.0
    2223.0,      18.0,      55.0
    2224.0,      18.0,      56.0
    2225.0,      18.0,      57.0
    2226.0,      19.0,       5.0
    2227.0,      19.0,       6.0
    2228.0,      19.0,       7.0
    2229.0,      19.0,       8.0
    2230.0,      19.0,       9.0
    2231.0,      19.0,      10.0
    2232.0,      19.0,      11.0
    2233.0,      19.0,      12.0
    2234.0,      19.0,      13.0
    2235.0,      19.0,      14.0
    2236.0,      19.0,      15.0
    2237.0,      19.0,      16.0
    2238.0,      19.0,      17.0
    2239.0,      19.0,      18.0
    2240.0,      19.0,      19.0
    2241.0,      19.0,      20.0
    2242.0,      19.0,      21.0
    2243.0,      19.0,      22.0
    2244.0,      19.0,      23.0
    2245.0,      19.0,      24.0
    2246.0,      19.0,      25.0
    2247.0,      19.0,      26.0
    2248.0,      19.0,      27.0
    2249.0,      19.0,      28.0
    2250.0,      19.0,      29.0
    2251.0,      19.0,      30.0
    2252.0,      19.0,      31.0
    2253.0,      19.0,      32.0
    2254.0,      19.0,      33.0
    2255.0,      19.0,      34.0
    2256.0,      19.0,      35.0
    2257.0,      19.0,      36.0
    2258.0,      19.0,      37.0
    2259.0,      19.0,      38.0
    2260.0,      19.0,      39.0
    2261.0,      19.0,      40.0
    2262.0,      19.0,      41.0
    2263.0,      19.0,      42.0
    2264.0,      19.0,      43.0
    2265.0,      19.0,      44.0
    2266.0,      19.0,      45.0
    2267.0,      19.0,      46.0
    2268.0,      19.0,      47.0
    2269.0,      19.0,      48.0
    2270.0,      19.0,      49.0
    2271.0,      19.0,      50.0
    2272.0,      19.0,      51.0
    2273.0,      19.0,      52.0
    2274.0,      19.0,      53.0
    2275.0,      19.0,      54.0
    2276.0,      19.0,      55.0
    2277.0,      19.0,      56.0
    2278.0,      19.0,      57.0
